timestamp,protocol,chain_id,block_number,transaction_hash,user_address,token_in,token_out,amount_in,amount_out,affiliate_fee,volume_usd,affiliate_fee_usd
,relay,,32900002,,,,,,,,1755899297,25571692
,relay,,32900002,,,,,,,,1755899298,25571692
,relay,,32900002,,,,,,,,1755899298,25571692
,relay,,32900002,,,,,,,,1755899298,25499779
,relay,,32900002,,,,,,,,1755899299,25499779
,relay,,32900002,,,,,,,,1755899299,25499779
,relay,,32900003,,,,,,,,1755899299,46591759
,relay,,32900003,,,,,,,,1755899299,46591759
,relay,,32900003,,,,,,,,1755899300,46591759
,relay,,32900011,,,,,,,,1755899305,26516724
,relay,,32900011,,,,,,,,1755899305,26516724
,relay,,32900011,,,,,,,,1755899305,26516724
,relay,,32900013,,,,,,,,1755899306,25894652
,relay,,32900013,,,,,,,,1755899306,25894652
,relay,,32900013,,,,,,,,1755899306,25894652
,relay,,32900013,,,,,,,,1755899307,25894652
,relay,,32900014,,,,,,,,1755899310,27711509
,relay,,32900014,,,,,,,,1755899311,27711509
,relay,,32900014,,,,,,,,1755899311,27711509
,relay,,32900020,,,,,,,,1755899315,35730041
,relay,,32900020,,,,,,,,1755899315,35730041
,relay,,32900020,,,,,,,,1755899316,35730041
,relay,,32900024,,,,,,,,1755899319,27180444
,relay,,32900024,,,,,,,,1755899319,27180444
,relay,,32900024,,,,,,,,1755899319,27180444
,relay,,32900033,,,,,,,,1755899323,26614469
,relay,,32900033,,,,,,,,1755899324,26614469
,relay,,32900033,,,,,,,,1755899324,26614469
,relay,,32900038,,,,,,,,1755899327,27132012
,relay,,32900038,,,,,,,,1755899327,27132012
,relay,,32900038,,,,,,,,1755899327,27132012
,relay,,32900041,,,,,,,,1755899328,25875751
,relay,,32900041,,,,,,,,1755899328,25875751
,relay,,32900041,,,,,,,,1755899328,25875751
,relay,,32900041,,,,,,,,1755899329,25875751
,relay,,32900041,,,,,,,,1755899329,25875751
,relay,,32900046,,,,,,,,1755899332,26344413
,relay,,32900046,,,,,,,,1755899333,26344413
,relay,,32900046,,,,,,,,1755899333,26344413
,relay,,32900050,,,,,,,,1755899333,27762983
,relay,,32900050,,,,,,,,1755899334,27762983
,relay,,32900050,,,,,,,,1755899334,27762983
,relay,,32900050,,,,,,,,1755899334,27593054
,relay,,32900050,,,,,,,,1755899334,27593054
,relay,,32900050,,,,,,,,1755899335,27593054
,relay,,32900050,,,,,,,,1755899335,27392741
,relay,,32900050,,,,,,,,1755899336,27392741
,relay,,32900050,,,,,,,,1755899336,27392741
,relay,,32900051,,,,,,,,1755899336,33894334
,relay,,32900051,,,,,,,,1755899337,33894334
,relay,,32900051,,,,,,,,1755899337,33894334
,relay,,32900058,,,,,,,,1755899343,26314601
,relay,,32900058,,,,,,,,1755899343,26314601
,relay,,32900058,,,,,,,,1755899344,26314601
,relay,,32900059,,,,,,,,1755899344,23725903
,relay,,32900059,,,,,,,,1755899344,23725903
,relay,,32900059,,,,,,,,1755899345,23725903
,relay,,32900064,,,,,,,,1755899347,47865815
,relay,,32900064,,,,,,,,1755899348,47865815
,relay,,32900064,,,,,,,,1755899348,47865815
,relay,,32900064,,,,,,,,1755899348,46800000
,relay,,32900064,,,,,,,,1755899349,46800000
,relay,,32900064,,,,,,,,1755899349,46800000
,relay,,32900066,,,,,,,,1755899351,46800000
,relay,,32900066,,,,,,,,1755899351,46800000
,relay,,32900066,,,,,,,,1755899351,46800000
,relay,,32900067,,,,,,,,1755899352,46500000
,relay,,32900067,,,,,,,,1755899352,46500000
,relay,,32900067,,,,,,,,1755899352,46500000
,relay,,32900067,,,,,,,,1755899354,46279169
,relay,,32900067,,,,,,,,1755899354,46279169
,relay,,32900067,,,,,,,,1755899354,46279169
,relay,,32900068,,,,,,,,1755899355,46500000
,relay,,32900068,,,,,,,,1755899356,46500000
,relay,,32900068,,,,,,,,1755899356,46500000
,relay,,32900068,,,,,,,,1755899357,46386057
,relay,,32900068,,,,,,,,1755899357,46386057
,relay,,32900068,,,,,,,,1755899357,46386057
,relay,,32900068,,,,,,,,1755899358,25427490
,relay,,32900068,,,,,,,,1755899358,25427490
,relay,,32900068,,,,,,,,1755899359,25427490
,relay,,32900068,,,,,,,,1755899359,23330525
,relay,,32900068,,,,,,,,1755899359,23330525
,relay,,32900068,,,,,,,,1755899359,23330525
,relay,,32900068,,,,,,,,1755899360,25663577
,relay,,32900068,,,,,,,,1755899360,25663577
,relay,,32900068,,,,,,,,1755899360,25663577
,relay,,32900069,,,,,,,,1755899361,23115900
,relay,,32900069,,,,,,,,1755899361,23115900
,relay,,32900069,,,,,,,,1755899361,23115900
,relay,,32900070,,,,,,,,1755899362,25170878
,relay,,32900070,,,,,,,,1755899362,25170878
,relay,,32900070,,,,,,,,1755899363,25170878
,relay,,32900077,,,,,,,,1755899367,33411694
,relay,,32900077,,,,,,,,1755899367,33411694
,relay,,32900077,,,,,,,,1755899367,33411694
,relay,,32900085,,,,,,,,1755899372,21013153
,relay,,32900085,,,,,,,,1755899372,21013153
,relay,,32900085,,,,,,,,1755899373,21013153
,relay,,32900085,,,,,,,,1755899374,27813153
,relay,,32900085,,,,,,,,1755899375,27813153
,relay,,32900085,,,,,,,,1755899375,27813153
,relay,,32900085,,,,,,,,1755899375,23659099
,relay,,32900085,,,,,,,,1755899375,23659099
,relay,,32900085,,,,,,,,1755899376,23659099
,relay,,32900087,,,,,,,,1755899379,24082791
,relay,,32900087,,,,,,,,1755899380,24082791
,relay,,32900087,,,,,,,,1755899380,24082791
,relay,,32900087,,,,,,,,1755899380,23470580
,relay,,32900087,,,,,,,,1755899380,23470580
,relay,,32900087,,,,,,,,1755899381,23470580
,relay,,32900087,,,,,,,,1755899381,21177037
,relay,,32900087,,,,,,,,1755899381,21177037
,relay,,32900087,,,,,,,,1755899382,21177037
,relay,,32900088,,,,,,,,1755899383,23294740
,relay,,32900088,,,,,,,,1755899384,23294740
,relay,,32900088,,,,,,,,1755899384,23294740
,relay,,32900088,,,,,,,,1755899384,20535513
,relay,,32900088,,,,,,,,1755899384,20535513
,relay,,32900088,,,,,,,,1755899385,20535513
,relay,,32900093,,,,,,,,1755899392,22530801
,relay,,32900093,,,,,,,,1755899392,22530801
,relay,,32900093,,,,,,,,1755899392,22530801
,relay,,32900098,,,,,,,,1755899398,20311466
,relay,,32900098,,,,,,,,1755899398,20311466
,relay,,32900098,,,,,,,,1755899399,20311466
,relay,,32900101,,,,,,,,1755899404,21811838
,relay,,32900101,,,,,,,,1755899404,21811838
,relay,,32900101,,,,,,,,1755899404,21811838
,relay,,32900102,,,,,,,,1755899405,19890236
,relay,,32900102,,,,,,,,1755899405,19890236
,relay,,32900102,,,,,,,,1755899405,19890236
,relay,,32900109,,,,,,,,1755899415,18068588
,relay,,32900109,,,,,,,,1755899415,18068588
,relay,,32900109,,,,,,,,1755899416,21226500
,relay,,32900109,,,,,,,,1755899416,21226500
,relay,,32900109,,,,,,,,1755899417,21226500
,relay,,32900114,,,,,,,,1755899423,24858491
,relay,,32900114,,,,,,,,1755899424,24858491
,relay,,32900114,,,,,,,,1755899424,24858491
,relay,,32900114,,,,,,,,1755899424,24858491
,relay,,32900114,,,,,,,,1755899425,24858491
,relay,,32900114,,,,,,,,1755899425,24858491
,relay,,32900116,,,,,,,,1755899426,37400000
,relay,,32900116,,,,,,,,1755899426,37400000
,relay,,32900116,,,,,,,,1755899426,37400000
,relay,,32900117,,,,,,,,1755899427,18572179
,relay,,32900117,,,,,,,,1755899427,18572179
,relay,,32900117,,,,,,,,1755899427,18572179
,relay,,32900117,,,,,,,,1755899428,18572179
,relay,,32900117,,,,,,,,1755899428,18572179
,relay,,32900117,,,,,,,,1755899428,18572179
,relay,,32900120,,,,,,,,1755899431,32458631
,relay,,32900120,,,,,,,,1755899431,32458631
,relay,,32900120,,,,,,,,1755899432,32458631
,relay,,32900122,,,,,,,,1755899432,22173460
,relay,,32900122,,,,,,,,1755899433,22173460
,relay,,32900122,,,,,,,,1755899433,22173460
,relay,,32900122,,,,,,,,1755899433,22173460
,relay,,32900122,,,,,,,,1755899434,22173460
,relay,,32900122,,,,,,,,1755899434,22173460
,relay,,32900131,,,,,,,,1755899444,17543523
,relay,,32900131,,,,,,,,1755899444,17543523
,relay,,32900131,,,,,,,,1755899444,17543523
,relay,,32900131,,,,,,,,1755899445,17543523
,relay,,32900131,,,,,,,,1755899445,17543523
,relay,,32900131,,,,,,,,1755899445,17543523
,relay,,32900134,,,,,,,,1755899451,31301747
,relay,,32900134,,,,,,,,1755899451,31301747
,relay,,32900134,,,,,,,,1755899452,31301747
,relay,,32900147,,,,,,,,1755899477,25726436
,relay,,32900147,,,,,,,,1755899477,25726436
,relay,,32900147,,,,,,,,1755899477,25726436
,relay,,32900147,,,,,,,,1755899478,22449862
,relay,,32900147,,,,,,,,1755899478,22449862
,relay,,32900147,,,,,,,,1755899478,22449862
,relay,,32900147,,,,,,,,1755899479,22449862
,relay,,32900147,,,,,,,,1755899479,22449862
,relay,,32900147,,,,,,,,1755899479,22449862
,relay,,32900148,,,,,,,,1755899480,35699917
,relay,,32900148,,,,,,,,1755899480,35699917
,relay,,32900148,,,,,,,,1755899480,35699917
,relay,,32900148,,,,,,,,1755899481,17761671
,relay,,32900148,,,,,,,,1755899481,17761671
,relay,,32900148,,,,,,,,1755899481,17761671
,relay,,32900150,,,,,,,,1755899484,28710885
,relay,,32900150,,,,,,,,1755899485,28710885
,relay,,32900150,,,,,,,,1755899485,28710885
,relay,,32900150,,,,,,,,1755899485,28710885
,relay,,32900150,,,,,,,,1755899486,33310421
,relay,,32900150,,,,,,,,1755899486,33310421
,relay,,32900150,,,,,,,,1755899486,33310421
,relay,,32900151,,,,,,,,1755899487,19683750
,relay,,32900151,,,,,,,,1755899488,19683750
,relay,,32900151,,,,,,,,1755899488,19683750
,relay,,32900151,,,,,,,,1755899488,30797977
,relay,,32900151,,,,,,,,1755899489,30797977
,relay,,32900151,,,,,,,,1755899489,30797977
,relay,,32900152,,,,,,,,1755899489,16910273
,relay,,32900152,,,,,,,,1755899490,16910273
,relay,,32900152,,,,,,,,1755899490,16910273
,relay,,32900152,,,,,,,,1755899490,19619401
,relay,,32900152,,,,,,,,1755899491,19619401
,relay,,32900152,,,,,,,,1755899491,19619401
,relay,,32900152,,,,,,,,1755899491,19619401
,relay,,32900152,,,,,,,,1755899492,19619401
,relay,,32900152,,,,,,,,1755899492,19619401
,relay,,32900152,,,,,,,,1755899492,78100000
,relay,,32900152,,,,,,,,1755899493,78100000
,relay,,32900152,,,,,,,,1755899493,78100000
,relay,,32900152,,,,,,,,1755899493,19619401
,relay,,32900152,,,,,,,,1755899493,19619401
,relay,,32900152,,,,,,,,1755899494,19619401
,relay,,32900153,,,,,,,,1755899494,20230445
,relay,,32900153,,,,,,,,1755899494,20230445
,relay,,32900153,,,,,,,,1755899495,20230445
,relay,,32900153,,,,,,,,1755899496,16705726
,relay,,32900153,,,,,,,,1755899496,16705726
,relay,,32900153,,,,,,,,1755899496,16705726
,relay,,32900153,,,,,,,,1755899496,16973628
,relay,,32900153,,,,,,,,1755899497,16973628
,relay,,32900153,,,,,,,,1755899497,16973628
,relay,,32900154,,,,,,,,1755899497,33600000
,relay,,32900154,,,,,,,,1755899498,33600000
,relay,,32900154,,,,,,,,1755899498,33600000
,relay,,32900154,,,,,,,,1755899499,18312174
,relay,,32900154,,,,,,,,1755899499,18312174
,relay,,32900154,,,,,,,,1755899499,18312174
,relay,,32900154,,,,,,,,1755899500,18312174
,relay,,32900154,,,,,,,,1755899500,20164640
,relay,,32900154,,,,,,,,1755899500,20164640
,relay,,32900154,,,,,,,,1755899501,20164640
,relay,,32900154,,,,,,,,1755899501,20164640
,relay,,32900154,,,,,,,,1755899501,20164640
,relay,,32900154,,,,,,,,1755899501,20164640
,relay,,32900154,,,,,,,,1755899502,20164640
,relay,,32900154,,,,,,,,1755899502,20164640
,relay,,32900154,,,,,,,,1755899502,20164640
,relay,,32900155,,,,,,,,1755899504,78100000
,relay,,32900155,,,,,,,,1755899504,78100000
,relay,,32900155,,,,,,,,1755899504,78100000
,relay,,32900156,,,,,,,,1755899505,33200000
,relay,,32900156,,,,,,,,1755899505,33200000
,relay,,32900156,,,,,,,,1755899505,33200000
,relay,,32900156,,,,,,,,1755899506,33200000
,relay,,32900156,,,,,,,,1755899506,33200000
,relay,,32900156,,,,,,,,1755899506,33200000
,relay,,32900156,,,,,,,,1755899507,17050175
,relay,,32900156,,,,,,,,1755899507,17050175
,relay,,32900156,,,,,,,,1755899507,17050175
,relay,,32900156,,,,,,,,1755899507,17050175
,relay,,32900156,,,,,,,,1755899508,17050175
,relay,,32900156,,,,,,,,1755899508,17050175
,relay,,32900157,,,,,,,,1755899510,16814643
,relay,,32900157,,,,,,,,1755899510,16814643
,relay,,32900157,,,,,,,,1755899510,16814643
,relay,,32900158,,,,,,,,1755899511,17285453
,relay,,32900158,,,,,,,,1755899511,17285453
,relay,,32900158,,,,,,,,1755899511,17285453
,relay,,32900158,,,,,,,,1755899511,17874609
,relay,,32900158,,,,,,,,1755899512,17874609
,relay,,32900158,,,,,,,,1755899512,17874609
,relay,,32900158,,,,,,,,1755899512,17874609
,relay,,32900158,,,,,,,,1755899513,17874609
,relay,,32900158,,,,,,,,1755899513,17874609
,relay,,32900158,,,,,,,,1755899513,17874609
,relay,,32900158,,,,,,,,1755899513,17874609
,relay,,32900158,,,,,,,,1755899514,17874609
,relay,,32900158,,,,,,,,1755899514,17874609
,relay,,32900158,,,,,,,,1755899514,17874609
,relay,,32900158,,,,,,,,1755899515,17874609
,relay,,32900159,,,,,,,,1755899516,16735269
,relay,,32900159,,,,,,,,1755899516,16735269
,relay,,32900159,,,,,,,,1755899516,16735269
,relay,,32900159,,,,,,,,1755899517,30646529
,relay,,32900159,,,,,,,,1755899517,30646529
,relay,,32900159,,,,,,,,1755899517,30646529
,relay,,32900159,,,,,,,,1755899518,28448316
,relay,,32900159,,,,,,,,1755899518,28448316
,relay,,32900159,,,,,,,,1755899518,28448316
,relay,,32900159,,,,,,,,1755899519,28448316
,relay,,32900159,,,,,,,,1755899519,28448316
,relay,,32900159,,,,,,,,1755899519,28448316
,relay,,32900164,,,,,,,,1755899528,75800000
,relay,,32900164,,,,,,,,1755899528,75800000
,relay,,32900164,,,,,,,,1755899529,75800000
,relay,,32900164,,,,,,,,1755899531,32600000
,relay,,32900164,,,,,,,,1755899531,32600000
,relay,,32900164,,,,,,,,1755899531,32600000
,relay,,32900166,,,,,,,,1755899534,39962759
,relay,,32900166,,,,,,,,1755899535,39962759
,relay,,32900166,,,,,,,,1755899535,39962759
,relay,,32900168,,,,,,,,1755899541,39885942
,relay,,32900168,,,,,,,,1755899542,39885942
,relay,,32900168,,,,,,,,1755899542,39885942
,relay,,32900168,,,,,,,,1755899542,39885942
,relay,,32900168,,,,,,,,1755899543,39885942
,relay,,32900168,,,,,,,,1755899543,39885942
,relay,,32900168,,,,,,,,1755899544,16479952
,relay,,32900168,,,,,,,,1755899544,16479952
,relay,,32900168,,,,,,,,1755899544,16479952
,relay,,32900168,,,,,,,,1755899544,16479952
,relay,,32900168,,,,,,,,1755899545,16479952
,relay,,32900168,,,,,,,,1755899545,16479952
,relay,,32900169,,,,,,,,1755899548,32600000
,relay,,32900169,,,,,,,,1755899549,32600000
,relay,,32900169,,,,,,,,1755899549,32600000
,relay,,32900169,,,,,,,,1755899549,32600000
,relay,,32900169,,,,,,,,1755899549,32600000
,relay,,32900169,,,,,,,,1755899550,32600000
,relay,,32900171,,,,,,,,1755899554,39807418
,relay,,32900171,,,,,,,,1755899555,39807418
,relay,,32900171,,,,,,,,1755899555,39807418
,relay,,32900171,,,,,,,,1755899555,39807418
,relay,,32900171,,,,,,,,1755899556,39807418
,relay,,32900171,,,,,,,,1755899556,39807418
,relay,,32900172,,,,,,,,1755899562,16484736
,relay,,32900172,,,,,,,,1755899562,16484736
,relay,,32900172,,,,,,,,1755899563,16484736
,relay,,32900173,,,,,,,,1755899566,16312267
,relay,,32900173,,,,,,,,1755899567,16312267
,relay,,32900173,,,,,,,,1755899567,16312267
,relay,,32900173,,,,,,,,1755899567,16312267
,relay,,32900173,,,,,,,,1755899569,16521376
,relay,,32900173,,,,,,,,1755899569,16521376
,relay,,32900173,,,,,,,,1755899569,16521376
,relay,,32900175,,,,,,,,1755899574,16169630
,relay,,32900175,,,,,,,,1755899574,16169630
,relay,,32900175,,,,,,,,1755899574,16169630
,relay,,32900175,,,,,,,,1755899575,16665507
,relay,,32900175,,,,,,,,1755899575,16665507
,relay,,32900175,,,,,,,,1755899576,16665507
,relay,,32900175,,,,,,,,1755899576,16665507
,relay,,32900175,,,,,,,,1755899576,16665507
,relay,,32900175,,,,,,,,1755899576,16665507
,relay,,32900175,,,,,,,,1755899577,30169630
,relay,,32900175,,,,,,,,1755899578,30169630
,relay,,32900175,,,,,,,,1755899578,30169630
,relay,,32900176,,,,,,,,1755899579,16548788
,relay,,32900176,,,,,,,,1755899579,16548788
,relay,,32900176,,,,,,,,1755899579,16548788
,relay,,32900176,,,,,,,,1755899580,16548788
,relay,,32900176,,,,,,,,1755899580,16548788
,relay,,32900176,,,,,,,,1755899580,16548788
,relay,,32900176,,,,,,,,1755899580,16102601
,relay,,32900176,,,,,,,,1755899581,16102601
,relay,,32900177,,,,,,,,1755899583,16418894
,relay,,32900177,,,,,,,,1755899583,16418894
,relay,,32900177,,,,,,,,1755899584,16418894
,relay,,32900177,,,,,,,,1755899584,16418894
,relay,,32900177,,,,,,,,1755899584,16418894
,relay,,32900177,,,,,,,,1755899584,16418894
,relay,,32900177,,,,,,,,1755899585,16418894
,relay,,32900177,,,,,,,,1755899585,16418894
,relay,,32900177,,,,,,,,1755899585,16418894
,relay,,32900177,,,,,,,,1755899585,16418894
,relay,,32900177,,,,,,,,1755899586,16418894
,relay,,32900177,,,,,,,,1755899586,16418894
,relay,,32900178,,,,,,,,1755899586,16353911
,relay,,32900178,,,,,,,,1755899587,16353911
,relay,,32900178,,,,,,,,1755899587,16353911
,relay,,32900178,,,,,,,,1755899587,16353911
,relay,,32900178,,,,,,,,1755899587,16353911
,relay,,32900178,,,,,,,,1755899588,16353911
,relay,,32900178,,,,,,,,1755899588,16353911
,relay,,32900178,,,,,,,,1755899588,16353911
,relay,,32900178,,,,,,,,1755899588,16353911
,relay,,32900179,,,,,,,,1755899590,16336156
,relay,,32900179,,,,,,,,1755899591,16336156
,relay,,32900179,,,,,,,,1755899591,16336156
,relay,,32900179,,,,,,,,1755899591,30058902
,relay,,32900179,,,,,,,,1755899591,30058902
,relay,,32900179,,,,,,,,1755899592,30058902
,relay,,32900180,,,,,,,,1755899593,30058358
,relay,,32900180,,,,,,,,1755899593,30058358
,relay,,32900180,,,,,,,,1755899593,30058358
,relay,,32900180,,,,,,,,1755899594,30058358
,relay,,32900180,,,,,,,,1755899594,30058358
,relay,,32900180,,,,,,,,1755899594,30058358
,relay,,32900180,,,,,,,,1755899595,30479044
,relay,,32900180,,,,,,,,1755899596,30479044
,relay,,32900180,,,,,,,,1755899596,30479044
,relay,,32900180,,,,,,,,1755899596,30479044
,relay,,32900180,,,,,,,,1755899596,30479044
,relay,,32900180,,,,,,,,1755899597,30479044
,relay,,32900180,,,,,,,,1755899597,76300000
,relay,,32900180,,,,,,,,1755899597,76300000
,relay,,32900180,,,,,,,,1755899598,76300000
,relay,,32900181,,,,,,,,1755899600,29966896
,relay,,32900181,,,,,,,,1755899600,29966896
,relay,,32900181,,,,,,,,1755899600,29966896
,relay,,32900182,,,,,,,,1755899602,15988576
,relay,,32900182,,,,,,,,1755899603,15988576
,relay,,32900182,,,,,,,,1755899603,15988576
,relay,,32900182,,,,,,,,1755899605,29948900
,relay,,32900182,,,,,,,,1755899605,29948900
,relay,,32900182,,,,,,,,1755899605,29948900
,relay,,32900182,,,,,,,,1755899606,29948900
,relay,,32900182,,,,,,,,1755899606,29948900
,relay,,32900182,,,,,,,,1755899606,29948900
,relay,,32900182,,,,,,,,1755899607,31700000
,relay,,32900182,,,,,,,,1755899607,31700000
,relay,,32900182,,,,,,,,1755899607,31700000
,relay,,32900183,,,,,,,,1755899608,30007965
,relay,,32900183,,,,,,,,1755899609,30007965
,relay,,32900183,,,,,,,,1755899609,30007965
,relay,,32900183,,,,,,,,1755899609,30007965
,relay,,32900183,,,,,,,,1755899609,30007965
,relay,,32900183,,,,,,,,1755899610,30007965
,relay,,32900183,,,,,,,,1755899610,30048647
,relay,,32900183,,,,,,,,1755899610,30048647
,relay,,32900183,,,,,,,,1755899611,30048647
,relay,,32900184,,,,,,,,1755899611,16436194
,relay,,32900184,,,,,,,,1755899612,16436194
,relay,,32900184,,,,,,,,1755899612,16436194
,relay,,32900185,,,,,,,,1755899615,31700000
,relay,,32900185,,,,,,,,1755899616,31700000
,relay,,32900185,,,,,,,,1755899616,31700000
,relay,,32900185,,,,,,,,1755899616,31700000
,relay,,32900185,,,,,,,,1755899616,31700000
,relay,,32900185,,,,,,,,1755899617,31700000
,relay,,32900186,,,,,,,,1755899618,16017416
,relay,,32900186,,,,,,,,1755899618,16017416
,relay,,32900186,,,,,,,,1755899618,16017416
,relay,,32900186,,,,,,,,1755899619,15947321
,relay,,32900186,,,,,,,,1755899619,15947321
,relay,,32900186,,,,,,,,1755899619,15947321
,relay,,32900186,,,,,,,,1755899620,15947321
,relay,,32900186,,,,,,,,1755899620,15947321
,relay,,32900186,,,,,,,,1755899620,15947321
,relay,,32900186,,,,,,,,1755899621,31700000
,relay,,32900186,,,,,,,,1755899622,31700000
,relay,,32900186,,,,,,,,1755899622,31700000
,relay,,32900187,,,,,,,,1755899623,29942683
,relay,,32900187,,,,,,,,1755899623,29942683
,relay,,32900187,,,,,,,,1755899623,29942683
,relay,,32900188,,,,,,,,1755899630,29839847
,relay,,32900188,,,,,,,,1755899630,29839847
,relay,,32900188,,,,,,,,1755899630,29839847
,relay,,32900188,,,,,,,,1755899631,29839847
,relay,,32900189,,,,,,,,1755899633,15929799
,relay,,32900189,,,,,,,,1755899634,15929799
,relay,,32900189,,,,,,,,1755899634,15929799
,relay,,32900189,,,,,,,,1755899634,15929799
,relay,,32900189,,,,,,,,1755899634,15929799
,relay,,32900189,,,,,,,,1755899635,15929799
,relay,,32900191,,,,,,,,1755899637,29807977
,relay,,32900191,,,,,,,,1755899637,29807977
,relay,,32900191,,,,,,,,1755899638,29807977
,relay,,32900191,,,,,,,,1755899638,15807977
,relay,,32900191,,,,,,,,1755899638,15807977
,relay,,32900191,,,,,,,,1755899639,15807977
,relay,,32900191,,,,,,,,1755899639,15807977
,relay,,32900191,,,,,,,,1755899639,15807977
,relay,,32900191,,,,,,,,1755899639,15807977
,relay,,32900192,,,,,,,,1755899644,15929897
,relay,,32900192,,,,,,,,1755899645,15929897
,relay,,32900192,,,,,,,,1755899645,15929897
,relay,,32900192,,,,,,,,1755899645,15929897
,relay,,32900192,,,,,,,,1755899646,15929897
,relay,,32900192,,,,,,,,1755899646,15929897
,relay,,32900192,,,,,,,,1755899647,16534760
,relay,,32900192,,,,,,,,1755899647,16534760
,relay,,32900192,,,,,,,,1755899648,16534760
,relay,,32900194,,,,,,,,1755899653,74800000
,relay,,32900194,,,,,,,,1755899653,74800000
,relay,,32900194,,,,,,,,1755899653,74800000
,relay,,32900194,,,,,,,,1755899653,74800000
,relay,,32900194,,,,,,,,1755899654,74800000
,relay,,32900194,,,,,,,,1755899654,74800000
,relay,,32900194,,,,,,,,1755899654,15885220
,relay,,32900194,,,,,,,,1755899655,15885220
,relay,,32900194,,,,,,,,1755899655,15885220
,relay,,32900194,,,,,,,,1755899655,15885220
,relay,,32900194,,,,,,,,1755899655,15885220
,relay,,32900194,,,,,,,,1755899656,15885220
,relay,,32900195,,,,,,,,1755899656,74800000
,relay,,32900195,,,,,,,,1755899656,74800000
,relay,,32900195,,,,,,,,1755899657,74800000
,relay,,32900195,,,,,,,,1755899657,29659386
,relay,,32900195,,,,,,,,1755899657,29659386
,relay,,32900195,,,,,,,,1755899657,29659386
,relay,,32900195,,,,,,,,1755899658,29659386
,relay,,32900195,,,,,,,,1755899658,29659386
,relay,,32900195,,,,,,,,1755899658,29659386
,relay,,32900197,,,,,,,,1755899659,74800000
,relay,,32900197,,,,,,,,1755899659,74800000
,relay,,32900197,,,,,,,,1755899660,74800000
,relay,,32900197,,,,,,,,1755899660,31000000
,relay,,32900197,,,,,,,,1755899660,31000000
,relay,,32900197,,,,,,,,1755899660,31000000
,relay,,32900197,,,,,,,,1755899661,30600000
,relay,,32900197,,,,,,,,1755899661,30600000
,relay,,32900197,,,,,,,,1755899661,30600000
,relay,,32900198,,,,,,,,1755899662,16393946
,relay,,32900198,,,,,,,,1755899662,16393946
,relay,,32900198,,,,,,,,1755899662,16393946
,relay,,32900198,,,,,,,,1755899663,15720533
,relay,,32900198,,,,,,,,1755899663,15720533
,relay,,32900198,,,,,,,,1755899664,15720533
,relay,,32900199,,,,,,,,1755899664,16161846
,relay,,32900199,,,,,,,,1755899665,16161846
,relay,,32900199,,,,,,,,1755899665,16161846
,relay,,32900199,,,,,,,,1755899665,15846792
,relay,,32900199,,,,,,,,1755899665,15846792
,relay,,32900199,,,,,,,,1755899666,15846792
,relay,,32900201,,,,,,,,1755899670,15254784
,relay,,32900201,,,,,,,,1755899670,15254784
,relay,,32900201,,,,,,,,1755899671,15254784
,relay,,32900201,,,,,,,,1755899671,30600000
,relay,,32900201,,,,,,,,1755899671,30600000
,relay,,32900201,,,,,,,,1755899672,30600000
,relay,,32900202,,,,,,,,1755899675,15533460
,relay,,32900202,,,,,,,,1755899676,15533460
,relay,,32900202,,,,,,,,1755899676,15533460
,relay,,32900202,,,,,,,,1755899676,15533460
,relay,,32900202,,,,,,,,1755899676,15533460
,relay,,32900202,,,,,,,,1755899677,15533460
,relay,,32900203,,,,,,,,1755899677,16144229
,relay,,32900203,,,,,,,,1755899677,16144229
,relay,,32900203,,,,,,,,1755899678,16144229
,relay,,32900203,,,,,,,,1755899678,16144229
,relay,,32900203,,,,,,,,1755899678,16144229
,relay,,32900203,,,,,,,,1755899678,16144229
,relay,,32900204,,,,,,,,1755899679,15401662
,relay,,32900204,,,,,,,,1755899679,15401662
,relay,,32900204,,,,,,,,1755899679,15401662
,relay,,32900204,,,,,,,,1755899680,15132159
,relay,,32900204,,,,,,,,1755899680,15132159
,relay,,32900204,,,,,,,,1755899680,15132159
,relay,,32900204,,,,,,,,1755899680,72900000
,relay,,32900204,,,,,,,,1755899681,72900000
,relay,,32900204,,,,,,,,1755899681,72900000
,relay,,32900204,,,,,,,,1755899681,15080438
,relay,,32900204,,,,,,,,1755899682,15080438
,relay,,32900204,,,,,,,,1755899682,15080438
,relay,,32900204,,,,,,,,1755899682,15080438
,relay,,32900204,,,,,,,,1755899682,15080438
,relay,,32900204,,,,,,,,1755899683,15080438
,relay,,32900206,,,,,,,,1755899687,19451450
,relay,,32900206,,,,,,,,1755899687,19451450
,relay,,32900206,,,,,,,,1755899687,19451450
,relay,,32900206,,,,,,,,1755899687,15089302
,relay,,32900206,,,,,,,,1755899688,15089302
,relay,,32900206,,,,,,,,1755899688,15089302
,relay,,32900206,,,,,,,,1755899688,15089302
,relay,,32900206,,,,,,,,1755899689,15089302
,relay,,32900206,,,,,,,,1755899689,15089302
,relay,,32900206,,,,,,,,1755899689,15327675
,relay,,32900206,,,,,,,,1755899689,15327675
,relay,,32900206,,,,,,,,1755899690,15327675
,relay,,32900206,,,,,,,,1755899690,15327675
,relay,,32900206,,,,,,,,1755899690,15327675
,relay,,32900206,,,,,,,,1755899691,15327675
,relay,,32900206,,,,,,,,1755899691,15159937
,relay,,32900206,,,,,,,,1755899692,15159937
,relay,,32900206,,,,,,,,1755899692,15159937
,relay,,32900207,,,,,,,,1755899693,24536484
,relay,,32900207,,,,,,,,1755899693,24536484
,relay,,32900207,,,,,,,,1755899693,24536484
,relay,,32900207,,,,,,,,1755899694,15179915
,relay,,32900207,,,,,,,,1755899694,15179915
,relay,,32900207,,,,,,,,1755899694,15179915
,relay,,32900207,,,,,,,,1755899694,72900000
,relay,,32900207,,,,,,,,1755899695,72900000
,relay,,32900207,,,,,,,,1755899695,72900000
,relay,,32900207,,,,,,,,1755899695,30000000
,relay,,32900207,,,,,,,,1755899696,30000000
,relay,,32900207,,,,,,,,1755899696,30000000
,relay,,32900207,,,,,,,,1755899696,30000000
,relay,,32900207,,,,,,,,1755899696,30000000
,relay,,32900207,,,,,,,,1755899697,30000000
,relay,,32900207,,,,,,,,1755899697,14996154
,relay,,32900207,,,,,,,,1755899697,14996154
,relay,,32900207,,,,,,,,1755899697,14996154
,relay,,32900207,,,,,,,,1755899698,14996154
,relay,,32900207,,,,,,,,1755899698,14996154
,relay,,32900207,,,,,,,,1755899698,14996154
,relay,,32900208,,,,,,,,1755899700,24523222
,relay,,32900208,,,,,,,,1755899700,24523222
,relay,,32900208,,,,,,,,1755899700,24523222
,relay,,32900208,,,,,,,,1755899701,24523222
,relay,,32900208,,,,,,,,1755899701,24523222
,relay,,32900208,,,,,,,,1755899702,24523222
,relay,,32900208,,,,,,,,1755899702,15019847
,relay,,32900208,,,,,,,,1755899703,15019847
,relay,,32900208,,,,,,,,1755899703,15019847
,relay,,32900208,,,,,,,,1755899703,15019847
,relay,,32900208,,,,,,,,1755899703,15019847
,relay,,32900208,,,,,,,,1755899704,15019847
,relay,,32900208,,,,,,,,1755899704,14992552
,relay,,32900208,,,,,,,,1755899704,14992552
,relay,,32900208,,,,,,,,1755899705,14992552
,relay,,32900208,,,,,,,,1755899705,14992552
,relay,,32900208,,,,,,,,1755899705,14992552
,relay,,32900208,,,,,,,,1755899706,14992552
,relay,,32900208,,,,,,,,1755899707,14998067
,relay,,32900208,,,,,,,,1755899707,14998067
,relay,,32900208,,,,,,,,1755899708,14998067
,relay,,32900208,,,,,,,,1755899708,19383464
,relay,,32900208,,,,,,,,1755899708,19383464
,relay,,32900208,,,,,,,,1755899709,19383464
,relay,,32900208,,,,,,,,1755899709,19383464
,relay,,32900208,,,,,,,,1755899709,19383464
,relay,,32900208,,,,,,,,1755899709,19383464
,relay,,32900208,,,,,,,,1755899710,15675468
,relay,,32900208,,,,,,,,1755899710,15675468
,relay,,32900208,,,,,,,,1755899711,15675468
,relay,,32900208,,,,,,,,1755899711,15675468
,relay,,32900208,,,,,,,,1755899711,15675468
,relay,,32900208,,,,,,,,1755899712,15675468
,relay,,32900208,,,,,,,,1755899713,15675468
,relay,,32900208,,,,,,,,1755899714,15675468
,relay,,32900208,,,,,,,,1755899714,15675468
,relay,,32900208,,,,,,,,1755899714,15675468
,relay,,32900208,,,,,,,,1755899715,15675468
,relay,,32900208,,,,,,,,1755899715,15675468
,relay,,32900209,,,,,,,,1755899715,24500857
,relay,,32900209,,,,,,,,1755899715,24500857
,relay,,32900209,,,,,,,,1755899716,24500857
,relay,,32900209,,,,,,,,1755899717,14957596
,relay,,32900209,,,,,,,,1755899717,14957596
,relay,,32900209,,,,,,,,1755899717,14957596
,relay,,32900209,,,,,,,,1755899718,30000000
,relay,,32900209,,,,,,,,1755899718,30000000
,relay,,32900209,,,,,,,,1755899719,30000000
,relay,,32900209,,,,,,,,1755899719,30000000
,relay,,32900209,,,,,,,,1755899719,30000000
,relay,,32900209,,,,,,,,1755899719,30000000
,relay,,32900210,,,,,,,,1755899720,15706929
,relay,,32900210,,,,,,,,1755899720,15706929
,relay,,32900210,,,,,,,,1755899720,15706929
,relay,,32900210,,,,,,,,1755899723,14952951
,relay,,32900210,,,,,,,,1755899724,14952951
,relay,,32900210,,,,,,,,1755899724,14952951
,relay,,32900210,,,,,,,,1755899724,14952951
,relay,,32900210,,,,,,,,1755899725,14952951
,relay,,32900210,,,,,,,,1755899725,14952951
,relay,,32900210,,,,,,,,1755899725,72900000
,relay,,32900210,,,,,,,,1755899726,72900000
,relay,,32900210,,,,,,,,1755899726,72900000
,relay,,32900211,,,,,,,,1755899726,24413003
,relay,,32900211,,,,,,,,1755899727,24413003
,relay,,32900211,,,,,,,,1755899727,24413003
,relay,,32900211,,,,,,,,1755899728,30000000
,relay,,32900211,,,,,,,,1755899729,30000000
,relay,,32900211,,,,,,,,1755899729,30000000
,relay,,32900211,,,,,,,,1755899729,24391672
,relay,,32900211,,,,,,,,1755899730,24391672
,relay,,32900211,,,,,,,,1755899730,24391672
,relay,,32900211,,,,,,,,1755899730,15897662
,relay,,32900211,,,,,,,,1755899731,15897662
,relay,,32900211,,,,,,,,1755899731,15897662
,relay,,32900212,,,,,,,,1755899732,14803824
,relay,,32900212,,,,,,,,1755899732,14803824
,relay,,32900212,,,,,,,,1755899733,14803824
,relay,,32900212,,,,,,,,1755899733,14803824
,relay,,32900212,,,,,,,,1755899733,14803824
,relay,,32900212,,,,,,,,1755899734,14803824
,relay,,32900213,,,,,,,,1755899734,24254974
,relay,,32900213,,,,,,,,1755899734,24254974
,relay,,32900213,,,,,,,,1755899735,24254974
,relay,,32900213,,,,,,,,1755899735,24254974
,relay,,32900213,,,,,,,,1755899735,24254974
,relay,,32900213,,,,,,,,1755899736,24254974
,relay,,32900213,,,,,,,,1755899736,24238585
,relay,,32900213,,,,,,,,1755899736,24238585
,relay,,32900213,,,,,,,,1755899737,24238585
,relay,,32900213,,,,,,,,1755899737,24238585
,relay,,32900213,,,,,,,,1755899737,24238585
,relay,,32900213,,,,,,,,1755899738,24238585
,relay,,32900213,,,,,,,,1755899738,15759370
,relay,,32900213,,,,,,,,1755899738,15759370
,relay,,32900213,,,,,,,,1755899739,15759370
,relay,,32900214,,,,,,,,1755899740,17111646
,relay,,32900214,,,,,,,,1755899741,17111646
,relay,,32900214,,,,,,,,1755899741,17111646
,relay,,32900214,,,,,,,,1755899741,17111646
,relay,,32900214,,,,,,,,1755899742,17111646
,relay,,32900214,,,,,,,,1755899742,17111646
,relay,,32900215,,,,,,,,1755899744,14622277
,relay,,32900215,,,,,,,,1755899745,14622277
,relay,,32900215,,,,,,,,1755899745,14622277
,relay,,32900215,,,,,,,,1755899745,14622277
,relay,,32900215,,,,,,,,1755899746,14622277
,relay,,32900215,,,,,,,,1755899746,14622277
,relay,,32900217,,,,,,,,1755899748,70000000
,relay,,32900217,,,,,,,,1755899748,70000000
,relay,,32900217,,,,,,,,1755899749,70000000
,relay,,32900217,,,,,,,,1755899749,70000000
,relay,,32900217,,,,,,,,1755899751,15926557
,relay,,32900217,,,,,,,,1755899751,15926557
,relay,,32900217,,,,,,,,1755899751,15926557
,relay,,32900219,,,,,,,,1755899757,15777680
,relay,,32900219,,,,,,,,1755899757,15777680
,relay,,32900219,,,,,,,,1755899757,15777680
,relay,,32900220,,,,,,,,1755899767,14434235
,relay,,32900220,,,,,,,,1755899767,14434235
,relay,,32900220,,,,,,,,1755899768,14434235
,relay,,32900220,,,,,,,,1755899768,14434235
,relay,,32900220,,,,,,,,1755899768,14434235
,relay,,32900220,,,,,,,,1755899769,14434235
,relay,,32900224,,,,,,,,1755899787,16978261
,relay,,32900224,,,,,,,,1755899788,16978261
,relay,,32900224,,,,,,,,1755899788,16978261
,relay,,32900224,,,,,,,,1755899789,17249328
,relay,,32900224,,,,,,,,1755899789,17249328
,relay,,32900224,,,,,,,,1755899789,17249328
,relay,,32900224,,,,,,,,1755899790,17249328
,relay,,32900224,,,,,,,,1755899790,17249328
,relay,,32900224,,,,,,,,1755899790,17249328
,relay,,32900225,,,,,,,,1755899793,28600000
,relay,,32900225,,,,,,,,1755899793,28600000
,relay,,32900225,,,,,,,,1755899794,28600000
,relay,,32900225,,,,,,,,1755899794,28600000
,relay,,32900225,,,,,,,,1755899794,28600000
,relay,,32900225,,,,,,,,1755899795,28600000
,relay,,32900225,,,,,,,,1755899795,14812720
,relay,,32900225,,,,,,,,1755899796,14812720
,relay,,32900225,,,,,,,,1755899796,14812720
,relay,,32900225,,,,,,,,1755899796,14812720
,relay,,32900225,,,,,,,,1755899797,14812720
,relay,,32900225,,,,,,,,1755899797,14812720
,relay,,32900227,,,,,,,,1755899804,17678490
,relay,,32900227,,,,,,,,1755899804,17678490
,relay,,32900227,,,,,,,,1755899804,17678490
,relay,,32900228,,,,,,,,1755899805,14803336
,relay,,32900228,,,,,,,,1755899805,14803336
,relay,,32900228,,,,,,,,1755899806,14803336
,relay,,32900228,,,,,,,,1755899806,14798296
,relay,,32900228,,,,,,,,1755899806,14798296
,relay,,32900228,,,,,,,,1755899807,14798296
,relay,,32900228,,,,,,,,1755899807,14677020
,relay,,32900228,,,,,,,,1755899807,14677020
,relay,,32900228,,,,,,,,1755899808,14677020
,relay,,32900228,,,,,,,,1755899808,14677020
,relay,,32900228,,,,,,,,1755899808,14677020
,relay,,32900228,,,,,,,,1755899809,14677020
,relay,,32900229,,,,,,,,1755899812,24304660
,relay,,32900229,,,,,,,,1755899812,24304660
,relay,,32900229,,,,,,,,1755899812,24304660
,relay,,32900229,,,,,,,,1755899815,15063685
,relay,,32900229,,,,,,,,1755899815,15063685
,relay,,32900229,,,,,,,,1755899815,15063685
,relay,,32900230,,,,,,,,1755899817,15101034
,relay,,32900230,,,,,,,,1755899818,15101034
,relay,,32900230,,,,,,,,1755899818,15101034
,relay,,32900230,,,,,,,,1755899818,15030363
,relay,,32900230,,,,,,,,1755899819,15030363
,relay,,32900230,,,,,,,,1755899819,15030363
,relay,,32900231,,,,,,,,1755899819,27700000
,relay,,32900231,,,,,,,,1755899819,27700000
,relay,,32900231,,,,,,,,1755899820,27700000
,relay,,32900231,,,,,,,,1755899820,15046951
,relay,,32900231,,,,,,,,1755899820,15046951
,relay,,32900231,,,,,,,,1755899821,15046951
,relay,,32900231,,,,,,,,1755899821,69200000
,relay,,32900231,,,,,,,,1755899821,69200000
,relay,,32900231,,,,,,,,1755899822,69200000
,relay,,32900231,,,,,,,,1755899822,17799884
,relay,,32900231,,,,,,,,1755899823,17799884
,relay,,32900231,,,,,,,,1755899823,17799884
,relay,,32900233,,,,,,,,1755899825,15171602
,relay,,32900233,,,,,,,,1755899825,15171602
,relay,,32900233,,,,,,,,1755899825,15171602
,relay,,32900233,,,,,,,,1755899826,15171602
,relay,,32900233,,,,,,,,1755899826,15171602
,relay,,32900233,,,,,,,,1755899826,15171602
,relay,,32900233,,,,,,,,1755899827,15090048
,relay,,32900233,,,,,,,,1755899827,15090048
,relay,,32900233,,,,,,,,1755899827,15090048
,relay,,32900233,,,,,,,,1755899827,14855703
,relay,,32900233,,,,,,,,1755899828,14855703
,relay,,32900233,,,,,,,,1755899828,14855703
,relay,,32900233,,,,,,,,1755899828,24302504
,relay,,32900233,,,,,,,,1755899829,24302504
,relay,,32900233,,,,,,,,1755899829,24302504
,relay,,32900233,,,,,,,,1755899829,24302504
,relay,,32900233,,,,,,,,1755899830,24302504
,relay,,32900233,,,,,,,,1755899830,24302504
,relay,,32900233,,,,,,,,1755899831,16268395
,relay,,32900233,,,,,,,,1755899831,16268395
,relay,,32900233,,,,,,,,1755899831,16268395
,relay,,32900233,,,,,,,,1755899832,15007455
,relay,,32900233,,,,,,,,1755899832,15007455
,relay,,32900233,,,,,,,,1755899832,15007455
,relay,,32900233,,,,,,,,1755899832,15007455
,relay,,32900233,,,,,,,,1755899833,15007455
,relay,,32900233,,,,,,,,1755899833,15007455
,relay,,32900234,,,,,,,,1755899835,15180046
,relay,,32900234,,,,,,,,1755899835,15180046
,relay,,32900234,,,,,,,,1755899835,15180046
,relay,,32900234,,,,,,,,1755899836,15180046
,relay,,32900234,,,,,,,,1755899836,15180046
,relay,,32900234,,,,,,,,1755899836,15180046
,relay,,32900235,,,,,,,,1755899837,16585414
,relay,,32900235,,,,,,,,1755899837,16585414
,relay,,32900235,,,,,,,,1755899838,16585414
,relay,,32900235,,,,,,,,1755899838,16585414
,relay,,32900235,,,,,,,,1755899838,16585414
,relay,,32900235,,,,,,,,1755899839,16585414
,relay,,32900235,,,,,,,,1755899839,15244265
,relay,,32900235,,,,,,,,1755899840,15244265
,relay,,32900235,,,,,,,,1755899840,15244265
,relay,,32900236,,,,,,,,1755899842,19276390
,relay,,32900236,,,,,,,,1755899843,19276390
,relay,,32900236,,,,,,,,1755899843,19276390
,relay,,32900236,,,,,,,,1755899846,24783101
,relay,,32900236,,,,,,,,1755899846,24783101
,relay,,32900236,,,,,,,,1755899846,24783101
,relay,,32900236,,,,,,,,1755899847,24783101
,relay,,32900236,,,,,,,,1755899847,24783101
,relay,,32900236,,,,,,,,1755899847,24783101
,relay,,32900237,,,,,,,,1755899847,15397822
,relay,,32900237,,,,,,,,1755899848,15397822
,relay,,32900237,,,,,,,,1755899848,15397822
,relay,,32900237,,,,,,,,1755899848,19853222
,relay,,32900237,,,,,,,,1755899849,19853222
,relay,,32900237,,,,,,,,1755899849,19853222
,relay,,32900237,,,,,,,,1755899849,19853222
,relay,,32900237,,,,,,,,1755899850,19853222
,relay,,32900237,,,,,,,,1755899850,19853222
,relay,,32900238,,,,,,,,1755899853,15347609
,relay,,32900238,,,,,,,,1755899853,15347609
,relay,,32900238,,,,,,,,1755899853,15347609
,relay,,32900238,,,,,,,,1755899854,15447609
,relay,,32900238,,,,,,,,1755899854,15447609
,relay,,32900238,,,,,,,,1755899855,14742819
,relay,,32900238,,,,,,,,1755899855,14742819
,relay,,32900238,,,,,,,,1755899856,14742819
,relay,,32900239,,,,,,,,1755899856,15840285
,relay,,32900239,,,,,,,,1755899856,15840285
,relay,,32900239,,,,,,,,1755899856,15840285
,relay,,32900239,,,,,,,,1755899857,15601770
,relay,,32900239,,,,,,,,1755899857,15601770
,relay,,32900239,,,,,,,,1755899857,15601770
,relay,,32900239,,,,,,,,1755899858,15601770
,relay,,32900239,,,,,,,,1755899858,15601770
,relay,,32900239,,,,,,,,1755899858,15601770
,relay,,32900240,,,,,,,,1755899858,19869792
,relay,,32900240,,,,,,,,1755899859,19869792
,relay,,32900240,,,,,,,,1755899859,19869792
,relay,,32900240,,,,,,,,1755899859,19869792
,relay,,32900240,,,,,,,,1755899859,19869792
,relay,,32900240,,,,,,,,1755899860,19869792
,relay,,32900240,,,,,,,,1755899861,15498771
,relay,,32900240,,,,,,,,1755899862,15498771
,relay,,32900240,,,,,,,,1755899862,15498771
,relay,,32900241,,,,,,,,1755899863,15431528
,relay,,32900241,,,,,,,,1755899863,15431528
,relay,,32900241,,,,,,,,1755899864,15431528
,relay,,32900241,,,,,,,,1755899864,15431528
,relay,,32900241,,,,,,,,1755899864,15431528
,relay,,32900241,,,,,,,,1755899864,15431528
,relay,,32900241,,,,,,,,1755899865,15354307
,relay,,32900241,,,,,,,,1755899865,15354307
,relay,,32900241,,,,,,,,1755899865,15354307
,relay,,32900241,,,,,,,,1755899866,16495526
,relay,,32900241,,,,,,,,1755899866,16495526
,relay,,32900241,,,,,,,,1755899866,16495526
,relay,,32900241,,,,,,,,1755899867,16495526
,relay,,32900241,,,,,,,,1755899867,16495526
,relay,,32900241,,,,,,,,1755899867,16495526
,relay,,32900241,,,,,,,,1755899868,15454307
,relay,,32900241,,,,,,,,1755899868,15454307
,relay,,32900241,,,,,,,,1755899868,15454307
,relay,,32900242,,,,,,,,1755899869,24388099
,relay,,32900242,,,,,,,,1755899870,24388099
,relay,,32900242,,,,,,,,1755899870,24388099
,relay,,32900242,,,,,,,,1755899870,24388099
,relay,,32900242,,,,,,,,1755899870,24388099
,relay,,32900242,,,,,,,,1755899871,24388099
,relay,,32900243,,,,,,,,1755899873,24287900
,relay,,32900243,,,,,,,,1755899874,24287900
,relay,,32900243,,,,,,,,1755899874,24287900
,relay,,32900243,,,,,,,,1755899876,15274121
,relay,,32900243,,,,,,,,1755899876,15274121
,relay,,32900243,,,,,,,,1755899876,15274121
,relay,,32900245,,,,,,,,1755899885,15357804
,relay,,32900245,,,,,,,,1755899885,15357804
,relay,,32900245,,,,,,,,1755899885,15357804
,relay,,32900246,,,,,,,,1755899886,24227368
,relay,,32900246,,,,,,,,1755899886,24227368
,relay,,32900246,,,,,,,,1755899886,24227368
,relay,,32900246,,,,,,,,1755899886,24227368
,relay,,32900246,,,,,,,,1755899887,24227368
,relay,,32900246,,,,,,,,1755899887,24227368
,relay,,32900246,,,,,,,,1755899889,15267488
,relay,,32900246,,,,,,,,1755899889,15267488
,relay,,32900246,,,,,,,,1755899889,15267488
,relay,,32900246,,,,,,,,1755899890,15149105
,relay,,32900246,,,,,,,,1755899891,15149105
,relay,,32900246,,,,,,,,1755899891,15149105
,relay,,32900247,,,,,,,,1755899895,15561109
,relay,,32900247,,,,,,,,1755899895,15561109
,relay,,32900247,,,,,,,,1755899896,15561109
,relay,,32900247,,,,,,,,1755899896,15561109
,relay,,32900247,,,,,,,,1755899896,15561109
,relay,,32900247,,,,,,,,1755899897,15561109
,relay,,32900247,,,,,,,,1755899897,15675805
,relay,,32900247,,,,,,,,1755899897,15675805
,relay,,32900247,,,,,,,,1755899897,15675805
,relay,,32900248,,,,,,,,1755899898,24659213
,relay,,32900248,,,,,,,,1755899898,24659213
,relay,,32900248,,,,,,,,1755899898,24659213
,relay,,32900248,,,,,,,,1755899899,24659213
,relay,,32900248,,,,,,,,1755899899,24659213
,relay,,32900248,,,,,,,,1755899899,24659213
,relay,,32900248,,,,,,,,1755899900,15712612
,relay,,32900248,,,,,,,,1755899900,15712612
,relay,,32900248,,,,,,,,1755899901,15712612
,relay,,32900249,,,,,,,,1755899902,15603511
,relay,,32900249,,,,,,,,1755899903,15603511
,relay,,32900249,,,,,,,,1755899903,15603511
,relay,,32900249,,,,,,,,1755899903,15603511
,relay,,32900249,,,,,,,,1755899904,15603511
,relay,,32900249,,,,,,,,1755899904,15603511
,relay,,32900249,,,,,,,,1755899905,16123805
,relay,,32900249,,,,,,,,1755899905,16123805
,relay,,32900249,,,,,,,,1755899905,16123805
,relay,,32900249,,,,,,,,1755899906,16123805
,relay,,32900249,,,,,,,,1755899906,16123805
,relay,,32900249,,,,,,,,1755899906,16123805
,relay,,32900249,,,,,,,,1755899907,16123805
,relay,,32900249,,,,,,,,1755899907,16123805
,relay,,32900249,,,,,,,,1755899907,16123805
,relay,,32900250,,,,,,,,1755899908,16142016
,relay,,32900250,,,,,,,,1755899908,16142016
,relay,,32900250,,,,,,,,1755899908,16142016
,relay,,32900250,,,,,,,,1755899908,16142016
,relay,,32900250,,,,,,,,1755899909,16142016
,relay,,32900250,,,,,,,,1755899909,16142016
,relay,,32900250,,,,,,,,1755899909,16142016
,relay,,32900250,,,,,,,,1755899910,16142016
,relay,,32900250,,,,,,,,1755899910,16142016
,relay,,32900250,,,,,,,,1755899911,16142016
,relay,,32900250,,,,,,,,1755899911,16142016
,relay,,32900250,,,,,,,,1755899911,16142016
,relay,,32900250,,,,,,,,1755899912,15709275
,relay,,32900250,,,,,,,,1755899912,15709275
,relay,,32900250,,,,,,,,1755899912,15709275
,relay,,32900251,,,,,,,,1755899912,15749465
,relay,,32900251,,,,,,,,1755899913,15749465
,relay,,32900251,,,,,,,,1755899913,15749465
,relay,,32900251,,,,,,,,1755899913,15749465
,relay,,32900251,,,,,,,,1755899914,15749465
,relay,,32900251,,,,,,,,1755899914,15749465
,relay,,32900252,,,,,,,,1755899916,15834168
,relay,,32900252,,,,,,,,1755899916,15834168
,relay,,32900252,,,,,,,,1755899917,15834168
,relay,,32900252,,,,,,,,1755899918,15734168
,relay,,32900252,,,,,,,,1755899918,15734168
,relay,,32900252,,,,,,,,1755899918,15734168
,relay,,32900252,,,,,,,,1755899919,15734168
,relay,,32900252,,,,,,,,1755899919,15734168
,relay,,32900252,,,,,,,,1755899919,15734168
,relay,,32900252,,,,,,,,1755899920,24734168
,relay,,32900252,,,,,,,,1755899920,24734168
,relay,,32900252,,,,,,,,1755899920,24734168
,relay,,32900253,,,,,,,,1755899920,15824174
,relay,,32900253,,,,,,,,1755899921,15824174
,relay,,32900253,,,,,,,,1755899921,15824174
,relay,,32900254,,,,,,,,1755899924,16387427
,relay,,32900254,,,,,,,,1755899924,16387427
,relay,,32900254,,,,,,,,1755899924,16387427
,relay,,32900254,,,,,,,,1755899924,16387427
,relay,,32900254,,,,,,,,1755899925,16387427
,relay,,32900254,,,,,,,,1755899925,16387427
,relay,,32900254,,,,,,,,1755899925,16206194
,relay,,32900254,,,,,,,,1755899926,16206194
,relay,,32900254,,,,,,,,1755899926,16206194
,relay,,32900254,,,,,,,,1755899926,16206194
,relay,,32900254,,,,,,,,1755899926,16206194
,relay,,32900254,,,,,,,,1755899927,16206194
,relay,,32900255,,,,,,,,1755899928,25257406
,relay,,32900255,,,,,,,,1755899929,25257406
,relay,,32900255,,,,,,,,1755899929,25257406
,relay,,32900255,,,,,,,,1755899929,25257406
,relay,,32900255,,,,,,,,1755899930,25257406
,relay,,32900255,,,,,,,,1755899930,25257406
,relay,,32900255,,,,,,,,1755899930,16413947
,relay,,32900255,,,,,,,,1755899930,16413947
,relay,,32900255,,,,,,,,1755899931,16413947
,relay,,32900255,,,,,,,,1755899931,16241499
,relay,,32900255,,,,,,,,1755899931,16241499
,relay,,32900255,,,,,,,,1755899932,16241499
,relay,,32900255,,,,,,,,1755899932,16241499
,relay,,32900255,,,,,,,,1755899932,16241499
,relay,,32900255,,,,,,,,1755899932,16241499
,relay,,32900256,,,,,,,,1755899934,16199580
,relay,,32900256,,,,,,,,1755899934,16199580
,relay,,32900256,,,,,,,,1755899934,16199580
,relay,,32900256,,,,,,,,1755899935,16199580
,relay,,32900256,,,,,,,,1755899935,16199580
,relay,,32900256,,,,,,,,1755899935,16199580
,relay,,32900257,,,,,,,,1755899935,17994194
,relay,,32900257,,,,,,,,1755899936,17994194
,relay,,32900257,,,,,,,,1755899936,17994194
,relay,,32900257,,,,,,,,1755899936,15621722
,relay,,32900257,,,,,,,,1755899936,15621722
,relay,,32900257,,,,,,,,1755899937,15621722
,relay,,32900257,,,,,,,,1755899937,16234326
,relay,,32900257,,,,,,,,1755899937,16234326
,relay,,32900257,,,,,,,,1755899937,16234326
,relay,,32900257,,,,,,,,1755899938,16234326
,relay,,32900257,,,,,,,,1755899938,16234326
,relay,,32900257,,,,,,,,1755899939,16234326
,relay,,32900257,,,,,,,,1755899939,16234326
,relay,,32900257,,,,,,,,1755899939,16234326
,relay,,32900257,,,,,,,,1755899939,16234326
,relay,,32900258,,,,,,,,1755899941,16084141
,relay,,32900258,,,,,,,,1755899941,16084141
,relay,,32900258,,,,,,,,1755899941,16084141
,relay,,32900259,,,,,,,,1755899942,25099856
,relay,,32900259,,,,,,,,1755899942,25099856
,relay,,32900259,,,,,,,,1755899942,25099856
,relay,,32900259,,,,,,,,1755899942,25094639
,relay,,32900259,,,,,,,,1755899943,25094639
,relay,,32900259,,,,,,,,1755899943,25094639
,relay,,32900259,,,,,,,,1755899943,25094639
,relay,,32900259,,,,,,,,1755899943,25094639
,relay,,32900259,,,,,,,,1755899944,25094639
,relay,,32900259,,,,,,,,1755899945,16089357
,relay,,32900259,,,,,,,,1755899946,16089357
,relay,,32900259,,,,,,,,1755899946,16089357
,relay,,32900259,,,,,,,,1755899946,16089861
,relay,,32900259,,,,,,,,1755899946,16089861
,relay,,32900259,,,,,,,,1755899947,16089861
,relay,,32900259,,,,,,,,1755899947,16089861
,relay,,32900259,,,,,,,,1755899947,16089861
,relay,,32900259,,,,,,,,1755899948,16089861
,relay,,32900259,,,,,,,,1755899948,16084141
,relay,,32900259,,,,,,,,1755899949,16084141
,relay,,32900259,,,,,,,,1755899949,16084141
,relay,,32900259,,,,,,,,1755899949,16084141
,relay,,32900259,,,,,,,,1755899949,16084141
,relay,,32900259,,,,,,,,1755899950,16084141
,relay,,32900260,,,,,,,,1755899950,25089065
,relay,,32900260,,,,,,,,1755899951,25089065
,relay,,32900260,,,,,,,,1755899951,25089065
,relay,,32900260,,,,,,,,1755899951,25089065
,relay,,32900260,,,,,,,,1755899952,25089065
,relay,,32900260,,,,,,,,1755899952,25089065
,relay,,32900260,,,,,,,,1755899953,25089065
,relay,,32900260,,,,,,,,1755899953,25089065
,relay,,32900260,,,,,,,,1755899953,25089065
,relay,,32900260,,,,,,,,1755899953,16092479
,relay,,32900260,,,,,,,,1755899954,16092479
,relay,,32900260,,,,,,,,1755899954,16092479
,relay,,32900261,,,,,,,,1755899954,16024685
,relay,,32900261,,,,,,,,1755899955,16024685
,relay,,32900261,,,,,,,,1755899955,16024685
,relay,,32900261,,,,,,,,1755899955,16024685
,relay,,32900261,,,,,,,,1755899955,16024685
,relay,,32900261,,,,,,,,1755899956,16024685
,relay,,32900263,,,,,,,,1755899964,16045532
,relay,,32900263,,,,,,,,1755899965,16045532
,relay,,32900263,,,,,,,,1755899965,16045532
,relay,,32900264,,,,,,,,1755899968,15871307
,relay,,32900264,,,,,,,,1755899968,15871307
,relay,,32900264,,,,,,,,1755899968,15871307
,relay,,32900264,,,,,,,,1755899969,15871307
,relay,,32900264,,,,,,,,1755899969,15871307
,relay,,32900264,,,,,,,,1755899969,15871307
,relay,,32900265,,,,,,,,1755899974,16047113
,relay,,32900265,,,,,,,,1755899974,16047113
,relay,,32900265,,,,,,,,1755899974,16047113
,relay,,32900265,,,,,,,,1755899976,16047113
,relay,,32900265,,,,,,,,1755899977,16047113
,relay,,32900265,,,,,,,,1755899977,16047113
,relay,,32900267,,,,,,,,1755899978,17141588
,relay,,32900267,,,,,,,,1755899978,17141588
,relay,,32900267,,,,,,,,1755899979,17141588
,relay,,32900267,,,,,,,,1755899979,17141588
,relay,,32900267,,,,,,,,1755899979,17141588
,relay,,32900267,,,,,,,,1755899979,17141588
,relay,,32900267,,,,,,,,1755899980,17141588
,relay,,32900267,,,,,,,,1755899980,17141588
,relay,,32900267,,,,,,,,1755899980,17141588
,relay,,32900268,,,,,,,,1755899980,25061555
,relay,,32900268,,,,,,,,1755899981,25061555
,relay,,32900268,,,,,,,,1755899981,25061555
,relay,,32900268,,,,,,,,1755899981,17126936
,relay,,32900268,,,,,,,,1755899981,17126936
,relay,,32900268,,,,,,,,1755899982,17126936
,relay,,32900269,,,,,,,,1755899987,16497196
,relay,,32900269,,,,,,,,1755899988,16497196
,relay,,32900269,,,,,,,,1755899988,16497196
,relay,,32900269,,,,,,,,1755899988,16497196
,relay,,32900269,,,,,,,,1755899988,16497196
,relay,,32900269,,,,,,,,1755899989,16497196
,relay,,32900270,,,,,,,,1755899989,25098850
,relay,,32900270,,,,,,,,1755899989,25098850
,relay,,32900270,,,,,,,,1755899990,25098850
,relay,,32900270,,,,,,,,1755899990,25098850
,relay,,32900270,,,,,,,,1755899990,25098850
,relay,,32900270,,,,,,,,1755899990,25098850
,relay,,32900271,,,,,,,,1755899993,63700000
,relay,,32900271,,,,,,,,1755899993,63700000
,relay,,32900271,,,,,,,,1755899993,63700000
,relay,,32900271,,,,,,,,1755899993,63700000
,relay,,32900271,,,,,,,,1755899994,63700000
,relay,,32900271,,,,,,,,1755899994,63700000
,relay,,32900271,,,,,,,,1755899995,17540722
,relay,,32900271,,,,,,,,1755899995,17540722
,relay,,32900271,,,,,,,,1755899995,17540722
,relay,,32900271,,,,,,,,1755899996,17540722
,relay,,32900271,,,,,,,,1755899996,17540722
,relay,,32900271,,,,,,,,1755899996,17540722
,relay,,32900271,,,,,,,,1755899997,20438132
,relay,,32900271,,,,,,,,1755899997,20438132
,relay,,32900271,,,,,,,,1755899998,20438132
,relay,,32900271,,,,,,,,1755899998,20438132
,relay,,32900271,,,,,,,,1755899998,20438132
,relay,,32900271,,,,,,,,1755899998,20438132
,relay,,32900272,,,,,,,,1755899999,31400000
,relay,,32900272,,,,,,,,1755899999,31400000
,relay,,32900272,,,,,,,,1755899999,31400000
,relay,,32900272,,,,,,,,1755900000,20533205
,relay,,32900272,,,,,,,,1755900000,20533205
,relay,,32900272,,,,,,,,1755900000,20533205
,relay,,32900272,,,,,,,,1755900000,20533205
,relay,,32900272,,,,,,,,1755900001,20533205
,relay,,32900272,,,,,,,,1755900001,20533205
,relay,,32900272,,,,,,,,1755900001,18579379
,relay,,32900272,,,,,,,,1755900002,18579379
,relay,,32900272,,,,,,,,1755900002,18579379
,relay,,32900272,,,,,,,,1755900002,18579379
,relay,,32900272,,,,,,,,1755900003,18579379
,relay,,32900272,,,,,,,,1755900003,18579379
,relay,,32900272,,,,,,,,1755900004,16935541
,relay,,32900272,,,,,,,,1755900004,16935541
,relay,,32900272,,,,,,,,1755900004,16935541
,relay,,32900276,,,,,,,,1755900008,27738289
,relay,,32900276,,,,,,,,1755900009,27738289
,relay,,32900276,,,,,,,,1755900009,27738289
,relay,,32900276,,,,,,,,1755900009,27738289
,relay,,32900276,,,,,,,,1755900010,27738289
,relay,,32900276,,,,,,,,1755900010,27738289
,relay,,32900277,,,,,,,,1755900011,28001232
,relay,,32900277,,,,,,,,1755900011,28001232
,relay,,32900277,,,,,,,,1755900011,28001232
,relay,,32900278,,,,,,,,1755900013,28651651
,relay,,32900278,,,,,,,,1755900013,28651651
,relay,,32900278,,,,,,,,1755900013,28651651
,relay,,32900278,,,,,,,,1755900013,28651651
,relay,,32900278,,,,,,,,1755900014,28651651
,relay,,32900278,,,,,,,,1755900014,28651651
,relay,,32900278,,,,,,,,1755900016,17738669
,relay,,32900278,,,,,,,,1755900016,17738669
,relay,,32900278,,,,,,,,1755900016,17738669
,relay,,32900278,,,,,,,,1755900017,29473016
,relay,,32900278,,,,,,,,1755900017,29473016
,relay,,32900278,,,,,,,,1755900018,29473016
,relay,,32900278,,,,,,,,1755900018,29473016
,relay,,32900278,,,,,,,,1755900018,29473016
,relay,,32900278,,,,,,,,1755900018,29473016
,relay,,32900280,,,,,,,,1755900020,37833165
,relay,,32900280,,,,,,,,1755900020,37833165
,relay,,32900280,,,,,,,,1755900021,37833165
,relay,,32900280,,,,,,,,1755900021,29084583
,relay,,32900280,,,,,,,,1755900021,29084583
,relay,,32900280,,,,,,,,1755900021,29084583
,relay,,32900280,,,,,,,,1755900022,18170249
,relay,,32900280,,,,,,,,1755900022,18170249
,relay,,32900280,,,,,,,,1755900022,18170249
,relay,,32900280,,,,,,,,1755900023,171600000
,relay,,32900280,,,,,,,,1755900023,171600000
,relay,,32900280,,,,,,,,1755900024,171600000
,relay,,32900280,,,,,,,,1755900024,18078926
,relay,,32900280,,,,,,,,1755900024,18078926
,relay,,32900280,,,,,,,,1755900024,18078926
,relay,,32900280,,,,,,,,1755900025,18078926
,relay,,32900280,,,,,,,,1755900025,18078926
,relay,,32900280,,,,,,,,1755900025,18078926
,relay,,32900280,,,,,,,,1755900025,37836080
,relay,,32900280,,,,,,,,1755900026,37836080
,relay,,32900280,,,,,,,,1755900026,37836080
,relay,,32900281,,,,,,,,1755900027,41606537
,relay,,32900281,,,,,,,,1755900028,41606537
,relay,,32900281,,,,,,,,1755900028,41606537
,relay,,32900281,,,,,,,,1755900028,41606537
,relay,,32900281,,,,,,,,1755900028,41606537
,relay,,32900281,,,,,,,,1755900029,41606537
,relay,,32900281,,,,,,,,1755900029,26529619
,relay,,32900281,,,,,,,,1755900029,26529619
,relay,,32900281,,,,,,,,1755900029,26529619
,relay,,32900281,,,,,,,,1755900030,26529619
,relay,,32900281,,,,,,,,1755900030,26529619
,relay,,32900281,,,,,,,,1755900030,26529619
,relay,,32900282,,,,,,,,1755900032,26618223
,relay,,32900282,,,,,,,,1755900032,26618223
,relay,,32900282,,,,,,,,1755900032,26618223
,relay,,32900283,,,,,,,,1755900035,41744456
,relay,,32900283,,,,,,,,1755900036,41744456
,relay,,32900283,,,,,,,,1755900036,41744456
,relay,,32900283,,,,,,,,1755900036,41744456
,relay,,32900283,,,,,,,,1755900036,41744456
,relay,,32900283,,,,,,,,1755900037,41744456
,relay,,32900283,,,,,,,,1755900037,41744456
,relay,,32900283,,,,,,,,1755900037,41744456
,relay,,32900283,,,,,,,,1755900037,41744456
,relay,,32900284,,,,,,,,1755900039,18556869
,relay,,32900284,,,,,,,,1755900039,18556869
,relay,,32900284,,,,,,,,1755900039,18556869
,relay,,32900284,,,,,,,,1755900040,18556869
,relay,,32900284,,,,,,,,1755900040,18556869
,relay,,32900284,,,,,,,,1755900040,18556869
,relay,,32900284,,,,,,,,1755900041,17645994
,relay,,32900284,,,,,,,,1755900041,17645994
,relay,,32900284,,,,,,,,1755900041,17645994
,relay,,32900285,,,,,,,,1755900041,41764682
,relay,,32900285,,,,,,,,1755900042,41764682
,relay,,32900285,,,,,,,,1755900042,41764682
,relay,,32900285,,,,,,,,1755900042,41764682
,relay,,32900285,,,,,,,,1755900042,41764682
,relay,,32900285,,,,,,,,1755900043,41764682
,relay,,32900285,,,,,,,,1755900044,18692814
,relay,,32900285,,,,,,,,1755900044,18692814
,relay,,32900285,,,,,,,,1755900044,18692814
,relay,,32900285,,,,,,,,1755900045,34177998
,relay,,32900285,,,,,,,,1755900045,34177998
,relay,,32900285,,,,,,,,1755900045,34177998
,relay,,32900285,,,,,,,,1755900046,34177998
,relay,,32900285,,,,,,,,1755900046,34177998
,relay,,32900285,,,,,,,,1755900046,34177998
,relay,,32900286,,,,,,,,1755900047,33500000
,relay,,32900286,,,,,,,,1755900048,33500000
,relay,,32900286,,,,,,,,1755900048,33500000
,relay,,32900286,,,,,,,,1755900049,18784802
,relay,,32900286,,,,,,,,1755900049,18784802
,relay,,32900286,,,,,,,,1755900050,18784802
,relay,,32900286,,,,,,,,1755900051,73400000
,relay,,32900286,,,,,,,,1755900051,73400000
,relay,,32900286,,,,,,,,1755900052,73400000
,relay,,32900287,,,,,,,,1755900052,73400000
,relay,,32900287,,,,,,,,1755900053,73400000
,relay,,32900287,,,,,,,,1755900053,73400000
,relay,,32900287,,,,,,,,1755900053,73400000
,relay,,32900287,,,,,,,,1755900053,73400000
,relay,,32900287,,,,,,,,1755900053,73400000
,relay,,32900287,,,,,,,,1755900054,95300000
,relay,,32900287,,,,,,,,1755900054,95300000
,relay,,32900287,,,,,,,,1755900054,95300000
,relay,,32900287,,,,,,,,1755900054,95300000
,relay,,32900287,,,,,,,,1755900055,95300000
,relay,,32900287,,,,,,,,1755900055,95300000
,relay,,32900288,,,,,,,,1755900056,29050547
,relay,,32900288,,,,,,,,1755900056,29050547
,relay,,32900288,,,,,,,,1755900057,29050547
,relay,,32900288,,,,,,,,1755900058,33500000
,relay,,32900288,,,,,,,,1755900058,33500000
,relay,,32900288,,,,,,,,1755900058,33500000
,relay,,32900288,,,,,,,,1755900058,33500000
,relay,,32900288,,,,,,,,1755900059,33500000
,relay,,32900288,,,,,,,,1755900059,33500000
,relay,,32900289,,,,,,,,1755900059,73400000
,relay,,32900289,,,,,,,,1755900059,73400000
,relay,,32900289,,,,,,,,1755900060,73400000
,relay,,32900289,,,,,,,,1755900060,19001984
,relay,,32900289,,,,,,,,1755900060,19001984
,relay,,32900289,,,,,,,,1755900061,19001984
,relay,,32900289,,,,,,,,1755900061,20357734
,relay,,32900289,,,,,,,,1755900061,20357734
,relay,,32900289,,,,,,,,1755900061,20357734
,relay,,32900289,,,,,,,,1755900062,43894153
,relay,,32900289,,,,,,,,1755900062,43894153
,relay,,32900289,,,,,,,,1755900062,43894153
,relay,,32900289,,,,,,,,1755900062,43894153
,relay,,32900292,,,,,,,,1755900066,44625330
,relay,,32900292,,,,,,,,1755900066,44625330
,relay,,32900292,,,,,,,,1755900067,44625330
,relay,,32900292,,,,,,,,1755900067,21781074
,relay,,32900292,,,,,,,,1755900067,21781074
,relay,,32900292,,,,,,,,1755900068,21781074
,relay,,32900292,,,,,,,,1755900068,21781074
,relay,,32900292,,,,,,,,1755900068,21781074
,relay,,32900292,,,,,,,,1755900068,21781074
,relay,,32900293,,,,,,,,1755900071,35439259
,relay,,32900293,,,,,,,,1755900071,35439259
,relay,,32900293,,,,,,,,1755900072,35439259
,relay,,32900294,,,,,,,,1755900073,20003142
,relay,,32900294,,,,,,,,1755900073,20003142
,relay,,32900294,,,,,,,,1755900073,20003142
,relay,,32900294,,,,,,,,1755900073,20003142
,relay,,32900294,,,,,,,,1755900074,20003142
,relay,,32900294,,,,,,,,1755900074,20003142
,relay,,32900296,,,,,,,,1755900075,86500000
,relay,,32900296,,,,,,,,1755900075,86500000
,relay,,32900296,,,,,,,,1755900075,86500000
,relay,,32900296,,,,,,,,1755900075,86500000
,relay,,32900296,,,,,,,,1755900076,86500000
,relay,,32900296,,,,,,,,1755900076,86500000
,relay,,32900296,,,,,,,,1755900077,22875598
,relay,,32900296,,,,,,,,1755900077,22875598
,relay,,32900296,,,,,,,,1755900077,22875598
,relay,,32900296,,,,,,,,1755900078,30371064
,relay,,32900296,,,,,,,,1755900078,30371064
,relay,,32900296,,,,,,,,1755900078,30371064
,relay,,32900296,,,,,,,,1755900078,30371064
,relay,,32900296,,,,,,,,1755900079,30371064
,relay,,32900296,,,,,,,,1755900079,30371064
,relay,,32900297,,,,,,,,1755900081,35285628
,relay,,32900297,,,,,,,,1755900081,35285628
,relay,,32900297,,,,,,,,1755900081,35285628
,relay,,32900297,,,,,,,,1755900081,35285628
,relay,,32900297,,,,,,,,1755900082,35285628
,relay,,32900297,,,,,,,,1755900082,35285628
,relay,,32900297,,,,,,,,1755900083,19726552
,relay,,32900297,,,,,,,,1755900083,19726552
,relay,,32900297,,,,,,,,1755900084,19726552
,relay,,32900298,,,,,,,,1755900084,27259881
,relay,,32900298,,,,,,,,1755900084,27259881
,relay,,32900298,,,,,,,,1755900085,27259881
,relay,,32900298,,,,,,,,1755900085,37700000
,relay,,32900298,,,,,,,,1755900085,37700000
,relay,,32900298,,,,,,,,1755900085,37700000
,relay,,32900298,,,,,,,,1755900086,27259881
,relay,,32900298,,,,,,,,1755900086,27259881
,relay,,32900298,,,,,,,,1755900086,27259881
,relay,,32900299,,,,,,,,1755900086,39354914
,relay,,32900299,,,,,,,,1755900087,39354914
,relay,,32900299,,,,,,,,1755900087,39354914
,relay,,32900299,,,,,,,,1755900090,20561591
,relay,,32900299,,,,,,,,1755900090,20561591
,relay,,32900299,,,,,,,,1755900090,20561591
,relay,,32900299,,,,,,,,1755900092,28619712
,relay,,32900299,,,,,,,,1755900093,28619712
,relay,,32900299,,,,,,,,1755900093,28619712
,relay,,32900299,,,,,,,,1755900093,28619712
,relay,,32900299,,,,,,,,1755900093,28619712
,relay,,32900299,,,,,,,,1755900094,28619712
,relay,,32900299,,,,,,,,1755900094,36500000
,relay,,32900299,,,,,,,,1755900094,36500000
,relay,,32900299,,,,,,,,1755900095,36500000
,relay,,32900299,,,,,,,,1755900095,20121907
,relay,,32900299,,,,,,,,1755900095,20121907
,relay,,32900299,,,,,,,,1755900096,20121907
,relay,,32900300,,,,,,,,1755900097,20192789
,relay,,32900300,,,,,,,,1755900097,20192789
,relay,,32900300,,,,,,,,1755900098,20192789
